{"cameraMode":{"drawMode":0,"name":"Shaded","section":"Shading Mode"},"sceneLighting":true,"audioPlay":false,"sceneViewState":{"showFog":true,"showMaterialUpdate":false,"showSkybox":true,"showFlares":true,"showImageEffects":true,"showParticleSystems":true},"in2DMode":false,"pivot":{"x":51.61852264404297,"y":25.932384490966798,"z":0.9207687377929688},"rotation":{"x":-0.17590829730033875,"y":0.44147154688835146,"z":-0.08871402591466904,"w":-0.8753798007965088},"size":135.97686767578126,"orthographic":false}